"variable","correlation"
"SupCII",0.67198885500061
"SupCIII2",0.493451574821066
"SupCIII",0.385861597894552
"SupCI",0.311442001073343
"SupHU4",0.151812433770769
"SupCI2",0.129241622883082
"SupHU3",0.0574426879651459
